[
  {
    "title": "Inception",
    "description": "Follows the lives of eight very different couples in dealing with their love lives in various loosely interrelated tales all set during a frantic month before Christmas in London, England.",
    "imgUrl": "https://m.media-amazon.com/images/M/MV5BMjAxMzY3NjcxNF5BMl5BanBnXkFtZTcwNTI5OTM0Mw@@._V1_SX300.jpg",
    "imdbUrl": "https://www.imdb.com/title/tt1375666",
    "imdbId": "tt1375666"
  },
  {
    "title": "Love Actually",
    "description": "A thief who steals corporate secrets through the use of dream-sharing technology is given the inverse task of planting an idea into the mind of a C.E.O.",
    "imgUrl": "https://m.media-amazon.com/images/M/MV5BMTY4NjQ5NDc0Nl5BMl5BanBnXkFtZTYwNjk5NDM3._V1_.jpg",
    "imdbUrl": "https://www.imdb.com/title/tt0314331",
    "imdbId": "tt0314331"
  },
  {
    "title": "The Day After Tomorrow",
    "description": "Jack Hall, paleoclimatologist, must make a daring trek from Washington, D.C. to New York City to reach his son, trapped in the cross-hairs of a sudden international storm which plunges the planet into a new Ice Age.",
    "imgUrl": "https://m.media-amazon.com/images/M/MV5BMTY4YWMzMTMtZjUyOS00OGY1LTljMGUtOWU5ZjYzMjc2ZTMwXkEyXkFqcGdeQXVyMTYzMDM0NTU@._V1_SY1000_CR0,0,701,1000_AL_.jpg",
    "imdbUrl": "https://www.imdb.com/title/tt0319262",
    "imdbId": "tt0319262"
  },
  {
    "title": "Rogue One",
    "description": "The daughter of an Imperial scientist joins the Rebel Alliance in a risky move to steal the Death Star plans.",
    "imgUrl": "https://m.media-amazon.com/images/M/MV5BMjEwMzMxODIzOV5BMl5BanBnXkFtZTgwNzg3OTAzMDI@._V1_SY1000_SX675_AL_.jpg",
    "imdbUrl": "https://www.imdb.com/title/tt3748528",
    "imdbId": "tt3748528"
  },
  {
    "title": "The Holiday",
    "description": "Two women troubled with guy-problems swap homes in each other's countries, where they each meet a local guy and fall in love.",
    "imgUrl": "https://m.media-amazon.com/images/M/MV5BMTI1MDk4MzA2OF5BMl5BanBnXkFtZTYwMjQ3NDc3._V1_.jpg",
    "imdbUrl": "https://www.imdb.com/title/tt0457939",
    "imdbId": "tt0457939"
  }
]
